City,Lat,Lng,Max Temp,Humidity,Cloudiness,Wind Speed,Country,Date
biak,-0.9131,122.8766,80.67,76,96,3.22,ID,1618461958
shimoda,34.6667,138.95,55.4,47,75,9.22,JP,1618461958
rikitea,-23.1203,-134.9692,78.57,72,13,8.68,PF,1618461805
tromso,69.6496,18.957,33.8,93,90,17.27,NO,1618461959
port blair,11.6667,92.75,85.68,66,100,4.97,IN,1618461904
bluff,-46.6,168.3333,59,84,88,11.99,NZ,1618461959
pahalgam,34.0333,75.3333,42.62,91,100,2.86,IN,1618461960
port alfred,-33.5906,26.891,65.53,84,29,7.4,ZA,1618461960
ouesso,1.6136,16.0517,68.83,97,98,1.63,CG,1618461961
coquimbo,-29.9533,-71.3436,59,88,90,3.44,CL,1618461467
cidreira,-30.1811,-50.2056,70.43,72,91,18.81,BR,1618461917
puerto ayora,-0.7393,-90.3518,75.61,91,16,2.37,EC,1618461962
butaritari,3.0707,172.7902,81.54,77,53,7.7,KI,1618461962
norman wells,65.282,-126.8329,48.2,40,75,6.91,CA,1618461962
lavrentiya,65.5833,-171,26.15,93,98,2.77,RU,1618461963
dunedin,-45.8742,170.5036,59,79,23,4,NZ,1618461810
cape town,-33.9258,18.4232,64,94,0,12.66,ZA,1618461735
new norfolk,-42.7826,147.0587,54,73,37,7,AU,1618461963
adrar,20.5022,-10.0711,70.97,23,44,11.81,MR,1618461964
sentyabrskiy,17.8868,-77.5902,70.59,45,27,4.59,JM,1618461964
bull savanna,66.5606,67.7975,32.81,81,100,17.65,RU,1618461965
tabarqah,57.79,-152.4072,41,75,90,8.05,US,1618461965
aksarka,66.0449,-17.3389,42.8,75,0,3.44,IS,1618461966
kodiak,-53.15,-70.9167,39.2,81,0,16.11,CL,1618461966
husavik,16.5167,-98.75,78.71,71,100,4.85,MX,1618461897
punta arenas,66.8333,70.8333,31.8,93,100,13.31,RU,1618461967
tecoanapa,18.4273,-68.9728,69.19,75,3,8.28,DO,1618461924
yar-sale,45.6169,-61.3485,32,80,75,3.44,CA,1618461968
la romana,-35.6167,174.5,66.99,66,51,8.01,NZ,1618461968
buqayq,-9.8,-139.0333,81.21,70,16,19.51,PF,1618461968
port hawkesbury,72.7868,-56.1549,-13.99,100,99,1.59,GL,1618461969
ngunguru,-34.4187,19.2345,60.01,93,80,8.48,ZA,1618461969
atuona,-3.8004,102.2655,84.43,66,99,7.47,ID,1618461970
upernavik,-21.2078,-159.775,80.6,69,3,6.91,CK,1618461970
hermanus,-54.8,-68.3,42.8,61,20,5.75,AR,1618461697
bengkulu,15.5518,32.5324,80.01,11,44,1.01,SD,1618461971
avarua,34.6391,-120.4579,50,87,39,5.66,US,1618461673
vaitupu,43.6475,111.9767,35.83,63,85,39.71,CN,1618461971
ushuaia,6.6221,73.07,83.98,69,43,6.22,MV,1618461911
khartoum,-33.8667,121.9,68,64,40,13.8,AU,1618461972
lompoc,59.7035,30.7861,37,64,0,6.71,RU,1618461813
erenhot,-20.4081,57.7,78.8,89,75,3.44,MU,1618461973
kulhudhuffushi,-29.6643,17.8865,70.5,25,1,6.4,ZA,1618461974
esperance,-33.65,115.3333,72,60,14,1.99,AU,1618461974
nikolskoye,22.0752,-159.319,75.2,60,20,18.41,US,1618461946
mahebourg,-24.7117,33.8828,66.92,86,0,1.14,MZ,1618461975
tsihombe,24.1877,102.817,78.08,20,15,13.24,CN,1618461975
taolanaro,42.097,-79.2353,46,49,90,9.22,US,1618461976
springbok,-33.918,25.5701,55.4,100,6,2.3,ZA,1618461854
busselton,42.6001,-73.9662,57.99,75,94,2.08,US,1618461793
kapaa,64.8989,45.7622,34.95,68,13,11.14,RU,1618461977
manjacaze,24.9,79.6,98.42,11,100,17.96,IN,1618461977
xingyi,42.5272,125.6753,64.08,17,82,21.45,CN,1618461977
samusu,-37.6167,-73.65,54.28,89,99,4.99,CL,1618461978
jamestown,4.8845,-1.7554,79,86,100,6.91,GH,1618461825
port elizabeth,37.1041,-113.5841,63,20,1,3.44,US,1618461905
albany,-46.1927,168.8643,59,84,58,11.99,NZ,1618461978
umzimvubu,70.3705,31.1107,26.6,68,0,11.5,NO,1618461846
leshukonskoye,58.6978,81.4825,40.5,92,100,12.1,RU,1618461979
chhatarpur,24.757,121.753,73.99,95,100,6.42,TW,1618461939
meihekou,-0.6,73.0833,82.35,66,30,5.17,MV,1618461980
lebu,64.2539,-15.2082,43.56,88,100,15.9,IS,1618461980
takoradi,60.3964,-1.353,35.6,93,20,5.66,GB,1618461981
saint george,-32.035,-52.0986,68.43,75,78,15.35,BR,1618461903
mataura,-42.8794,147.3294,53.6,54,75,21.85,AU,1618461810
vardo,-24.8667,113.6333,85.51,37,0,14.27,AU,1618461981
parabel,69.4865,88.3972,15.42,90,100,9.6,RU,1618461982
yilan,32.6667,-17.1,64.4,63,20,6.91,PT,1618461892
mutsamudu,60.9167,-46.05,30.2,80,16,2.3,GL,1618461983
hithadhoo,-34.5322,20.0403,59,94,91,2.3,ZA,1618461787
hofn,-4.85,21.5667,64.06,98,100,2.17,CD,1618461983
brae,-32.7167,152.15,78.01,50,0,8.05,AU,1618461984
rio grande,9.285,105.7244,88.34,58,76,10.18,VN,1618461984
hobart,19.7297,-155.09,75.2,60,1,10.36,US,1618461984
carnarvon,6.5456,-7.4966,71.91,98,100,2.68,CI,1618461985
talnakh,5.8446,121.1544,84.51,71,83,13.4,PH,1618461985
marcona,63.7898,74.523,38.93,100,100,25.9,RU,1618461986
ponta do sol,-46.2817,169.8464,62.01,81,18,4,NZ,1618461986
narsaq,67.45,153.6833,17.51,70,43,9.62,RU,1618461986
bredasdorp,50.6789,156.125,38.05,95,100,22.32,RU,1618461860
mweka,12.4497,125.2886,81.09,87,100,6.82,PH,1618461987
nelson bay,55.7435,-97.8558,24.8,46,20,2.3,CA,1618461836
bac lieu,42.2506,-75.833,51.01,57,90,10.36,US,1618461988
hilo,40.9725,117.9361,68.02,26,16,18.1,CN,1618461806
guiglo,70.0167,135.6,17.11,78,17,3.29,RU,1618461988
tunggol,37.15,122.3833,55.51,41,51,21.45,CN,1618461989
muravlenko,40.5982,-124.1573,46.99,81,1,2.55,US,1618461859
kaitangata,2.6708,72.8944,82.78,63,97,5.68,MV,1618461989
srednekolymsk,-27.6146,-48.5012,75.99,88,0,4.61,BR,1618461798
severo-kurilsk,-23.865,35.3833,69.8,94,20,3.91,MZ,1618461990
anito,60.3071,54.3241,50.22,80,60,7.54,RU,1618461990
thompson,43.3836,21.0336,41,81,40,4.61,RS,1618461991
broome,78.2186,15.6401,6.8,61,20,14.97,SJ,1618461796
chengde,-14.8167,-66.85,70.77,95,14,2.1,BO,1618461991
ust-kuyga,38.5167,-28.7,61.54,88,51,7.16,PT,1618461789
yatou,3.3803,-59.7968,78.01,81,92,3.42,GY,1618461992
fortuna,69.4541,-133.0374,28.4,86,90,11.5,CA,1618461992
kudahuvadhoo,-33.0153,27.9116,62.6,100,0,6.91,ZA,1618461993
florianopolis,-28.55,16.4333,77.85,27,0,9.55,NA,1618461993
inhambane,27.5833,91.8667,59.52,38,51,8.48,IN,1618461994
gayny,-24.7911,-50.0119,52.83,97,83,7.11,BR,1618461994
brus,71.9167,114.0833,3.99,84,23,4.61,RU,1618461994
longyearbyen,34.8022,117.1117,68.79,50,33,15.17,CN,1618461791
san borja,3.1667,113.0333,80.6,89,40,4.61,MY,1618461995
ribeira grande,35.7565,-83.9705,55.99,94,90,5.75,US,1618461709
lethem,50.2314,106.2078,42.01,24,93,6.53,MN,1618461996
tuktoyaktuk,-32.6259,-62.6887,55.99,97,0,5.19,AR,1618461996
east london,-5.0892,-81.1144,70.32,76,51,9.33,PE,1618461996
oranjemund,68.2191,-135.0107,32,69,100,3.44,CA,1618461997
tawang,32.2994,-9.2372,61.56,88,0,4.52,MA,1618461997
castro,33.6671,-93.5916,55,67,63,1.01,US,1618461905
saskylakh,-1.85,34.7,61.61,90,98,2.89,TZ,1618461998
xiazhen,-43.5333,172.6333,61,77,99,9.22,NZ,1618461955
bintulu,65.9667,78.3667,36.48,100,100,14.94,RU,1618461999
maryville,70.6333,147.9167,7.32,84,81,7.56,RU,1618461999
suhbaatar,-8.4667,140.3333,86.11,59,92,13.71,ID,1618461797
bell ville,-2.5744,150.7967,84.31,68,58,8.5,PG,1618461860
paita,-2.6741,141.3028,84.83,68,99,6.29,PG,1618462000
aklavik,-33.6971,-53.4616,62.22,86,66,7.81,UY,1618462001
asfi,-20.3167,118.5667,91.4,35,34,14.97,AU,1618462001
hope,-13.7,-76.2167,64.4,88,0,9.22,PE,1618461883
mugumu,-14.25,129.55,91.54,32,62,5.73,AU,1618462002
barentsburg,65.6145,-37.6368,30.2,93,75,31.07,GL,1618461865
angra,64.8378,-147.7164,46.4,56,90,6.91,US,1618462002
christchurch,-38.0023,-57.5575,59,88,0,6.91,AR,1618461900
urengoy,10.1755,-70.0827,78.17,68,100,4.34,VE,1618462003
chokurdakh,-9.8756,-56.0861,70.57,97,100,2.35,BR,1618461831
merauke,-10.0681,-78.1522,67.53,85,94,7.36,PE,1618462005
kavieng,18.6411,72.8792,89.6,62,0,3.44,IN,1618462005
vanimo,-43.3002,-65.1023,65.79,46,70,19.73,AR,1618461957
chuy,-28.8667,153.5667,82.4,57,2,10.36,AU,1618461916
port hedland,59.3833,143.3,29.46,61,100,9.95,RU,1618462006
kegayli,30.0335,-89.9501,68,88,90,3.44,US,1618462006
pisco,46.4333,26.4,39.99,62,100,4.43,RO,1618462007
port keats,-11.3847,43.2844,81.7,74,94,7.72,KM,1618462007
tasiilaq,71.6872,128.8694,15.24,89,50,3.33,RU,1618461863
fairbanks,64.3833,-173.3,23,68,0,4.47,RU,1618461875
mar del plata,44.4167,1.3333,35.6,69,0,3.44,FR,1618462008
carora,37.2001,-94.3502,51.8,58,1,5.75,US,1618462009
alta floresta,24.3333,93.6667,77,69,75,11.5,IN,1618462009
paradwip,62.456,-114.3525,30.99,59,20,4.61,CA,1618461713
huarmey,20.15,92.9,86.13,64,82,8.9,MM,1618462010
alibag,19.9333,-105.25,66.79,88,0,1.45,MX,1618462010
rawson,17.0151,54.0924,80.6,74,75,4.61,OM,1618462010
ballina,73.5069,80.5464,-9.96,95,100,11.43,RU,1618462011
okhotsk,71.0357,27.8492,30.2,74,40,11.5,NO,1618462011
orleans,69.4719,25.5112,28.4,80,75,8.05,NO,1618462012
asau,62.2266,-6.589,44.6,100,40,10.36,FO,1618462012
mitsamiouli,31.2222,121.4581,62.6,51,0,11.18,CN,1618461905
tiksi,-3.4833,23.4333,67.48,96,83,1.9,CD,1618461744
provideniya,-41.4122,175.5153,62.6,72,75,16.11,NZ,1618462013
cahors,-21.3585,55.7679,78.8,73,0,4.61,RE,1618461858
jasper,51.226,-58.6502,32.79,83,2,3.96,CA,1618461801
churachandpur,-5.2246,145.7966,85.39,66,84,7.52,PG,1618462014
yellowknife,-45.5752,-72.0662,41.18,96,29,5.68,CL,1618462014
akyab,14.4,46.4667,77.13,33,2,3.96,YE,1618462015
tomatlan,25.2867,51.5333,82.99,42,0,13.8,QA,1618461942
salalah,-21.2,-175.2,78.8,78,40,8.05,TO,1618461789
nizhneyansk,-35.1667,173.1667,64.6,68,37,10.18,NZ,1618462015
dikson,60.7253,114.9278,32.88,74,100,7.05,RU,1618462016
mehamn,6.8833,73.1,84.22,68,51,5.53,MV,1618462016
karasjok,-6.4333,39.55,77,94,75,12.66,TZ,1618462016
klaksvik,-6.8844,112.2051,86.14,65,61,4.27,ID,1618462017
shanghai,55.2999,-123.1698,41,60,1,3.02,CA,1618461905
lodja,13.9667,74.5667,88.99,57,5,4.79,IN,1618462017
waipawa,57.1437,-2.0981,28.4,93,15,3.44,GB,1618461780
saint-philippe,33.194,-82.5271,71.6,56,90,5.75,US,1618461805
saint-augustin,22.6783,-3.9836,79.81,16,0,13.89,ML,1618462018
rungata,56.4857,66.9241,58.19,73,14,11.05,RU,1618462019
madang,44.7142,43.0008,46.4,81,33,4.47,RU,1618462019
coihaique,40.8106,111.6522,44.6,33,32,29.08,CN,1618461965
marzuq,-22.6667,167.4833,75.07,79,85,21.23,NC,1618461959
doha,23.3687,104.28,78.69,42,100,13.69,CN,1618462020
vaini,38.2333,-121.9511,60.8,58,1,17.27,US,1618462020
ahipara,27.9667,-110.8167,68,74,91,3,MX,1618462021
lensk,10.9995,122.6711,88.47,59,94,9.44,PH,1618462021
dhidhdhoo,7.0419,134.2556,78.53,86,100,31.41,PW,1618462021
sokoni,59.6425,-151.5483,37.4,87,90,5.75,US,1618461905
labuhan,39.7432,98.5174,49.12,13,1,4.23,CN,1618462022
mackenzie,-9.6567,120.2641,84.13,68,38,8.63,ID,1618462023
bhatkal,43.2662,-1.9762,42.01,87,0,2.3,ES,1618462023
aberdeen,28.3667,129.4833,68,73,75,13.8,JP,1618462023
avera,70.4692,-68.5914,-4,71,1,17.27,CA,1618462024
belushya guba,60.5544,-151.2583,39.2,93,90,2.8,US,1618461991
taoudenni,26.1247,127.6694,75.2,60,75,10.36,JP,1618462024
novaya zaimka,-2.65,10,74.93,85,100,3.42,GA,1618462025
aleksandrovskoye,24.4058,109.6086,67.19,88,100,4.45,CN,1618462025
hohhot,35.1833,132.5,60.8,39,0,14.97,JP,1618462026
vao,-27.4606,-58.9839,73,88,0,2.3,AR,1618462026
kaihua,5.4112,100.3354,89.6,66,20,2.3,MY,1618462026
solano,51.8,68.3333,43.7,47,2,2.04,KZ,1618462027
empalme,18.8167,95.2167,99.34,26,85,4.12,MM,1618461742
dingle,48.5669,-78.1162,41,87,90,4.61,CA,1618462027
kloulklubed,37.6138,-122.4869,54,87,75,3.44,US,1618462028
homer,68.0546,166.4372,14.07,72,24,3.36,RU,1618462028
jiuquan,44.7631,-85.6206,37.4,87,90,5.75,US,1618461927
tabiauea,39.8532,3.1214,54,82,100,1.99,ES,1618462029
waingapu,-35.7167,150.1833,70,65,7,5.01,AU,1618462029
hernani,13.3167,75.7833,79.86,53,22,2.98,IN,1618462029
naze,37.4636,-122.4286,55.4,87,75,3.44,US,1618461883
clyde river,52.3989,13.0657,34,82,100,5.17,DE,1618462030
kenai,52.2667,79.1667,53.73,65,90,6.31,RU,1618462031
itoman,71.9667,102.5,1.4,86,73,8.86,RU,1618462031
gamba,25.1167,114.3,68.27,89,100,1.66,CN,1618462031
luorong,-20.0064,57.6608,82,77,77,5.99,MU,1618462032
oda,60.4667,166.1,23.81,92,100,5.75,RU,1618462032
resistencia,-7,23.45,62.19,95,100,2.93,CD,1618462033
georgetown,42.0304,-8.1588,46.99,85,54,5.99,PT,1618462033
atbasar,40.4272,71.7189,66.2,37,100,6.91,UZ,1618462034
pyay,-23.7,133.8833,81,31,1,12.66,AU,1618461913
amos,66.0764,33.0381,32.11,76,8,7.31,RU,1618462034
pacifica,60.1432,-45.2371,31.6,91,54,14.27,GL,1618462034
bilibino,24.5167,103.7667,79.07,23,60,11.56,CN,1618462035
traverse city,33.6668,-95.5836,57.2,88,90,8.05,US,1618462035
alcudia,-20.5167,57.5167,78.8,89,75,3.44,MU,1618462036
batemans bay,-20.9373,55.2919,78.8,65,99,12.66,RE,1618462036
chikmagalur,5.8933,95.3214,83.43,73,75,7.25,ID,1618462036
attawapiskat,26.7693,31.5021,60.8,27,0,5.75,EG,1618461985
obarsia-closani,-46.1333,167.6833,59,84,99,11.99,NZ,1618462037
half moon bay,22.2855,114.1577,73.99,86,99,1.99,HK,1618461963
potsdam,34.8791,-76.9013,69.01,86,100,10,US,1618462038
klyuchi,-23.65,-70.4,60.8,77,20,3.44,CL,1618462039
khatanga,36.365,6.6147,51.8,93,75,2.3,DZ,1618462039
xiongzhou,56.092,54.2703,53.58,66,41,6.87,RU,1618462039
grand gaube,-17.7125,-39.2481,75.94,65,86,9.64,BR,1618461926
grand river south east,46.7281,29.7078,44.6,93,75,11.5,MD,1618462041
tilichiki,-22.9661,-42.0278,72.77,67,55,4.16,BR,1618462041
mwene-ditu,34.5667,76.1,38.79,43,95,3.33,IN,1618462042
vila,1.2376,111.4621,87.8,70,40,3.44,MY,1618462042
komsomolskiy,29.5958,-90.7195,70,100,90,6.91,US,1618461894
alice springs,-38.2667,141.9667,61.74,64,81,19.64,AU,1618462043
loukhi,7.7669,-72.225,71.6,100,40,8.05,VE,1618462043
nanortalik,-26.7852,-60.4388,73,84,71,5.41,AR,1618462043
zhongshu,57.976,61.6673,57.22,69,26,10.09,RU,1618462044
lamar,-34.5703,-59.105,66,91,0,3,AR,1618461947
souillac,6.7085,121.9711,86,79,40,10.36,PH,1618461955
le port,24.3448,124.1572,77,83,75,10.36,JP,1618461923
sabang,45.4552,41.9741,53.6,58,0,2.08,RU,1618462045
tahta,45.4375,40.5756,52.09,77,11,5.14,RU,1618462045
chagda,31.6725,38.6637,53.6,40,0,6.91,SA,1618461892
tuatapere,69.7008,170.3133,8.96,78,12,4.21,RU,1618462046
victoria,39.4101,-74.3646,55,100,90,5.75,US,1618462047
nguiu,-26.5333,151.8333,81,36,0,5.75,AU,1618462047
havelock,37.7799,-121.978,54,58,1,8.05,US,1618461876
antofagasta,14.8961,-24.4956,74.71,63,21,18.16,CV,1618461864
constantine,-16.4833,-151.75,82.42,73,100,10.98,PF,1618462048
neftekamsk,29.9576,122.298,53.13,86,100,6.46,CN,1618462048
caravelas,58.9564,126.2925,35.02,62,100,9.22,RU,1618461990
slobozia,-16.1944,-55.9675,78.8,73,0,5.75,BR,1618462049
arraial do cabo,42.7762,-9.0603,51.01,75,29,1.01,ES,1618462049
kargil,-28.783,32.0377,73,83,63,6.58,ZA,1618461987
sri aman,18.7333,-103.6833,70.02,85,0,3.27,MX,1618461920
houma,46.4856,135.8833,39.79,33,20,12.08,RU,1618461863
codrington,47.3821,-61.8597,33.8,86,7,10.36,CA,1618462050
san cristobal,61.9875,5.1352,39.99,85,19,5.61,NO,1618462050
presidencia roque saenz pena,12.0564,-61.7485,80.6,83,20,10.36,GD,1618461787
verkhnyaya sinyachikha,39.3558,-9.3811,60.01,93,100,1.01,PT,1618462051
mocambique,17.997,-76.7936,78.8,53,20,5.75,JM,1618461772
lujan,-16.1564,33.5867,64.4,100,40,4.61,MZ,1618462052
isabela,26.3667,86.0833,99.28,12,64,7.07,IN,1618462052
ishigaki,15.7432,-96.4661,78.01,77,68,3,MX,1618462052
donskoye,71.2906,-156.7887,15.8,73,90,13.8,US,1618461963
kropotkin,38.8876,-76.5119,55.4,100,90,5.75,US,1618462053
turayf,10.6667,122.95,86.97,63,86,11.92,PH,1618462054
pevek,41.3712,-73.414,53.6,71,90,6.91,US,1618461802
brigantine,65.85,74.4859,32.95,98,100,17.16,RU,1618462054
kingaroy,60.34,102.2797,31.78,57,63,10.11,RU,1618462055
san ramon,61.0106,35.4781,32.99,84,100,5.53,RU,1618462055
sao filipe,2.8892,-72.1256,71.65,98,100,2.28,CO,1618462055
faanui,40.0833,-105.3505,37.4,80,90,8.05,US,1618461912
shenjiamen,38.421,-121.4238,60.8,47,1,8.05,US,1618462056
tommot,61.2767,108.0108,30.99,64,48,10.67,RU,1618462057
barao de melgaco,34.6851,135.8049,63,27,75,5.75,JP,1618461795
muros,63.7506,-68.5145,-5.8,77,1,14.97,CA,1618461825
richards bay,-19.0595,-169.9187,80.6,65,40,5.75,NU,1618462057
coahuayana,13.7796,124.39,81.54,81,100,8.59,PH,1618462058
vostok,-20.3297,-40.2925,71.6,78,0,4.61,BR,1618462058
cap-aux-meules,54.2331,-125.7533,39.2,60,59,1.14,CA,1618461905
raudeberg,-8.145,159.5921,83.84,71,37,2.17,SB,1618461935
saint-georges,39.522,-6.3748,55.17,94,100,4.61,ES,1618462059
peniche,11.2833,-15.8333,77.32,81,77,10.2,GW,1618462060
kingston,34.0164,44.1453,68.63,28,2,10.07,IQ,1618462060
tete,-20.0637,30.8277,59.52,77,0,1.63,ZW,1618462060
madhubani,42.1584,-72.3287,51.8,66,90,5.75,US,1618462037
pochutla,64.5011,-165.4064,33.8,75,1,5.75,US,1618461860
barrow,29.9502,-91.7507,68,94,90,8.05,US,1618462061
mayo,68.75,161.3,20.93,72,4,5.88,RU,1618462061
tumannyy,7.2236,124.2464,85.41,65,100,7.52,PH,1618462062
bacolod,58.0728,93.0344,36.77,60,92,8.21,RU,1618462062
bethel,30.9866,103.9393,62.6,77,75,4.47,CN,1618462063
pangody,77.484,-69.3632,-11.33,59,0,7.65,GL,1618461797
vanavara,-12.7406,-60.1458,67.68,98,99,2.95,BR,1618462063
voznesenye,38.3575,31.4164,50.07,65,69,3.62,TR,1618462064
mapiripan,70.8578,29.0864,30.2,74,40,11.5,NO,1618462064
boulder,43.4198,-4.7549,42.01,99,1,9.28,ES,1618462064
laguna,-3.7728,-61.6442,73.47,99,100,1.72,BR,1618462065
illoqqortoormiut,50.5667,123.7167,41.25,30,100,4.36,CN,1618462066
yerbogachen,30.2947,-81.3931,75.2,78,90,8.05,US,1618461900
nara,43.2686,-7.5406,42.01,96,4,4,ES,1618462067
iqaluit,25.0213,37.2685,76.03,45,0,10.76,SA,1618462067
alofi,-22.116,14.2845,80.01,30,0,1.99,NA,1618461835
gigmoto,-2.0226,147.2712,83.46,74,56,7.23,PG,1618462068
vila velha,-20.3428,57.7575,82,89,75,3.44,MU,1618462068
kamenskoye,-17.7833,-57.7667,74.25,57,16,2.62,BO,1618462069
burns lake,-41.8697,-73.8203,46,100,10,2.3,CL,1618461839
buala,3.2783,32.8867,70.2,80,71,3.44,UG,1618462070
caceres,27.9769,-114.0611,57.88,74,88,12.82,MX,1618462070
bubaque,56.1331,40.013,53.28,59,97,3.62,RU,1618462071
balad,49.5833,0.3333,35.6,87,0,8.05,FR,1618462071
masvingo,66.7697,123.3711,25.54,88,100,8.57,RU,1618462071
palmer,-14.4667,132.2667,93.2,31,0,9.22,AU,1618462072
nome,-21.8833,47.4333,72.72,85,91,0.81,MG,1618462072
iberia,10.7398,13.8019,76.51,25,64,4.45,CM,1618462073
cherskiy,-34.6515,-59.4307,57.99,97,0,5.93,AR,1618462073
cotabato,16.8634,-99.8901,77.97,66,93,6.2,MX,1618461830
strelka,-17,145.4333,86,48,75,14.97,AU,1618462074
tianpeng,28.419,30.7792,64.04,38,0,9.8,EG,1618462074
qaanaaq,70.9963,24.6622,32,55,75,6.91,NO,1618462074
vilhena,38.5368,-82.6829,48.99,100,75,3.44,US,1618462075
aksehir,-11.7358,24.4293,57.69,95,79,4.43,ZM,1618462075
berlevag,-20.7377,116.8463,88.11,45,44,14.92,AU,1618461960
llanes,29.3669,-94.9669,73.99,88,90,8.05,US,1618462076
anori,-45.8667,-67.5,57.2,44,0,19.57,AR,1618462076
alihe,-28.7667,114.6,78.8,25,0,14.97,AU,1618462076
jacksonville beach,58.9978,22.7492,39.2,75,0,6.91,EE,1618462077
bereda,29.5833,74.3167,95.47,10,46,9.69,IN,1618462077
aflu,5.5577,95.3222,85.66,68,58,6.49,ID,1618462001
umm lajj,-17.7333,-149.15,80.6,78,75,3.44,PF,1618462078
henties bay,69.2167,-51.1,14,62,75,12.66,GL,1618461922
lorengau,42.7297,133.0839,44.53,62,60,4.36,RU,1618462078
bambous virieux,39.2667,-81.5615,48,87,40,4.61,US,1618462079
puerto quijarro,-6.0989,106.6381,87.8,62,20,5.75,ID,1618462079
ancud,43.3236,145.575,46.4,36,75,5.75,JP,1618462079
kitgum,12.1667,104.55,96.21,40,22,3.74,KH,1618462080
guerrero negro,-0.9492,100.3543,85.17,68,80,4.21,ID,1618461891
stavrovo,-38.9516,-68.0591,62.6,48,0,6.91,AR,1618462080
havre,69.3497,87.7602,14.79,90,100,15.08,RU,1618462081
zhigansk,19.5667,-97.2333,55,78,100,10.58,MX,1618462081
miranorte,-21.3667,55.6167,78.8,73,0,4.61,RE,1618461915
katherine,35.1333,140.3,62.6,29,75,10.36,JP,1618461876
ikongo,-3.6954,128.1814,87.8,66,40,6.91,ID,1618461851
mokolo,38.0608,-97.9298,50,43,90,6.91,US,1618462010
mercedes,-21.6403,-41.0511,68.85,81,25,8.93,BR,1618461826
acapulco,60.7522,-137.5108,42.8,49,28,5.75,CA,1618461856
mareeba,57.0531,-135.33,41,93,90,8.05,US,1618462083
matay,20.7667,71.0333,91.06,29,2,6.78,IN,1618462083
havoysund,21.3469,-158.0858,78.8,53,1,10.36,US,1618462084
ironton,-14.6585,17.691,57.54,87,38,2.95,AO,1618461894
mwinilunga,28.3333,-105.4,74.52,11,96,6.17,MX,1618462084
karratha,-32.2522,24.5308,63.93,57,22,1.92,ZA,1618462085
galveston,62.1564,-7.1664,44.6,100,40,10.36,FO,1618461878
comodoro rivadavia,12.2188,125.4808,81.81,83,100,7.96,PH,1618462085
geraldton,58.1286,68.5944,56.71,59,10,11.39,RU,1618462086
kardla,21.65,-101.5,64.78,36,86,7.02,MX,1618462086
hanumangarh,21.4612,-71.1419,73.78,64,4,9.86,TC,1618461824
banda aceh,27.0833,-101.5333,78.35,65,1,13.69,MX,1618461918
tautira,-5.8583,-35.3539,77,94,40,3.44,BR,1618461921
ilulissat,-6.1349,12.3689,77.85,88,100,5.39,AO,1618462087
vrangel,-15.4333,49.7333,76.1,86,68,2.19,MG,1618462087
parkersburg,46.8161,134.26,51.71,20,11,8.57,RU,1618462088
teluknaga,49.6501,-108.4181,30.2,86,31,4.61,CA,1618462088
nemuro,44.0169,-107.9554,28.4,86,90,3.44,US,1618461983
kampong chhnang,49,132.4667,47.44,25,41,9.1,RU,1618462089
padang,10.5669,72.642,83.86,68,3,2.93,IN,1618461925
neuquen,54.3419,101.5036,33.87,71,100,17.6,RU,1618462090
kayerkan,18.7,-95.5,77.99,78,85,4.81,MX,1618461916
perote,31.7668,-93.1335,59,100,90,5.75,US,1618462090
saint-joseph,-11.7844,-38.3531,67.42,91,38,6.04,BR,1618462091
katsuura,41.2971,124.1209,64.4,32,0,17.9,CN,1618462091
ambon,-35.1,173.7833,66.99,66,6,8.01,NZ,1618462091
hutchinson,-9.6608,20.3916,60.39,97,64,3.44,AO,1618462092
sao joao da barra,65.4167,-52.9,18.25,76,99,17.54,GL,1618462092
haines junction,-51.6226,-69.2181,41,81,0,11.5,AR,1618462093
sitka,57.4244,25.9016,37,76,100,5.99,LV,1618462093
delvada,13.9216,44.1467,66.72,56,7,0.49,YE,1618462093
makakilo city,29.5833,-9.5,55.8,92,87,9.22,MA,1618462094
menongue,15,-83.2333,78.39,82,18,9.22,HN,1618462094
maghama,14.2,24.6667,68.65,12,35,8.59,SD,1618461926
jimenez,-0.8833,131.25,87.33,59,77,13.98,ID,1618462033
graaff-reinet,54.7183,135.315,33.48,64,99,14.63,RU,1618462095
vestmanna,37.7782,-81.1882,48.99,100,90,8.05,US,1618461905
alugan,40.5614,65.6886,62.6,39,0,8.75,UZ,1618462095
abalak,-8.65,115.2167,84.2,79,20,10.36,ID,1618462039
ocampo,50.2896,42.1845,58.53,59,96,4.09,RU,1618462096
cockburn town,36.1501,-86.7833,55.4,71,90,3.83,US,1618462096
san buenaventura,31.8931,72.3817,90.23,21,100,8.99,PK,1618462097
macaiba,-13.8833,167.55,82.63,71,66,10.92,VU,1618462097
soyo,15.0286,120.6898,91.4,55,75,2.3,PH,1618462097
maroantsetra,-31.7333,-55.9833,60.76,96,44,3.89,UY,1618462098
bikin,-0.1934,-74.7819,72.1,98,100,0.45,CO,1618462098
shaunavon,32.9952,105.3247,63.79,30,95,8.55,CN,1618462099
worland,-21.15,149.2,81,69,25,14.97,AU,1618462099
bira,48.8264,58.1442,59.52,37,3,17.43,KZ,1618461960
warqla,66.9395,-53.6735,5.22,88,45,17.65,GL,1618462100
kavaratti,60.7333,77.5889,48.2,61,0,13.42,RU,1618462100
kuytun,39.5108,54.3671,67.6,46,63,8.28,TM,1618462100
mundo nuevo,20.8947,-156.47,75.2,64,20,19.57,US,1618462083
natchitoches,-19.55,169.2667,81.9,77,65,6.53,VU,1618461951
inhambupe,-34.5833,150.8552,79,39,1,7,AU,1618461811
felidhoo,-6.1219,141.2906,91.81,42,58,4,PG,1618462101
xiaoshi,33.9905,50.6838,63.18,33,0,3.85,IR,1618462102
kaeo,-3.945,122.4989,88.68,51,72,4.32,ID,1618462102
saurimo,-8.6833,36.7167,64.18,95,98,1.39,TZ,1618462102
maniitsoq,28.2333,83.9833,90.5,10,28,8.7,NP,1618462103
rio gallegos,-0.7758,34.9453,54.75,90,82,2.48,KE,1618462103
smiltene,9.4942,50.8122,83.26,60,98,7.27,SO,1618462104
jiblah,-37.8333,140.7667,60.8,77,40,16.11,AU,1618462104
tiznit,36.0998,0.4206,57.96,88,100,8.95,DZ,1618462105
iralaya,39.05,-27.9833,60.48,88,53,10.25,PT,1618462105
kutum,12.524,-70.027,81,89,75,17.27,AW,1618462019
sorong,-17.8,-63.1667,73.4,69,72,5.68,BO,1618461810
chumikan,50.3643,108.7512,37.76,35,90,11.86,RU,1618462106
beckley,-12.2333,136.7667,87.8,58,75,12.66,AU,1618462106
nurota,-25.2406,130.9889,66.2,68,40,16.11,AU,1618462107
denpasar,47.6666,-52.7314,32,100,90,11.5,CA,1618462107
alekseyevskaya,20.5667,78.8333,82.4,39,40,4.61,IN,1618462108
davidson,-5.2269,-75.6753,72.54,98,99,2.33,PE,1618462108
mangla,-35.3333,-72.4167,55.67,72,3,8.57,CL,1618461858
sola,22.8909,-109.9124,73.99,30,37,14.32,MX,1618462018
san fernando,50.2289,-99.4664,28.4,80,90,5.75,CA,1618462109
tacuarembo,39.2342,106.3439,42.31,23,8,30.27,CN,1618462109
puerto leguizamo,54.3417,89.9261,39.43,74,100,3.65,RU,1618462110
weihe,-20.7333,139.5,95,20,40,10.36,AU,1618462110
mackay,52.4503,64.6311,50.22,47,7,3.62,KZ,1618462110
emba,45.5234,-122.6762,64.4,27,20,5.75,US,1618461875
sisimiut,24.9,-76.2,71.22,64,0,11.79,BS,1618462111
strezhevoy,36.9188,34.8784,53.6,100,61,3.62,TR,1618462111
balkanabat,40.7391,-114.0733,42.8,61,90,3.04,US,1618462081
kahului,14.4,-89.2,69.62,82,98,2.53,HN,1618462112
isangel,65.8252,21.6886,28.4,69,0,6.91,SE,1618462112
flinders,50.6321,87.9563,44.73,45,29,1.12,RU,1618462113
kiunga,52.1415,-122.1445,51.8,37,1,5.75,CA,1618462113
delijan,31.2089,16.5887,59.76,79,100,7.49,LY,1618462114
kendari,21.6967,-78.6328,69.01,81,0,8.7,CU,1618462114
mahenge,53.0452,158.6483,41,87,75,15.66,RU,1618461905
pokhara,13.7667,109.2333,83.19,68,75,12.28,VN,1618462115
keroka,25.5198,90.2201,93,30,95,6.87,IN,1618462115
naftah,36.6777,-121.6555,53.6,76,90,5.75,US,1618461872
bandarbeyla,63.1792,14.6357,28,86,0,6.91,SE,1618462116
mount gambier,-13.8745,-171.5986,86,74,75,5.75,WS,1618462117
sidi ali,41.7597,86.1469,64.98,19,7,7.09,CN,1618462118
lagoa,44.5833,25.3333,42.01,87,0,8.05,RO,1618462118
oranjestad,-25.4,-70.4833,62.38,82,6,0.92,CL,1618462118
santa cruz,-22.9575,14.5053,80.01,30,0,1.99,NA,1618461897
krasnyy chikoy,-23.6752,22.7876,64.08,37,4,0.45,BW,1618462119
nhulunbuy,69.4058,86.1778,15.53,93,100,13.96,RU,1618462119
yulara,64.0019,44.4451,35.22,68,8,10.69,RU,1618462120
saleaula,-7.4706,-34.8086,75.2,100,20,4.61,BR,1618462120
torbay,41.2547,67.9692,62.56,40,0,4.05,KZ,1618462121
hinganghat,7.3022,-8.5308,69.26,98,90,1.63,LR,1618462121
lagunas,4.7084,6.7931,75.85,92,90,4.72,NG,1618462122
constitucion,-33.295,-66.3356,61.54,64,0,7.38,AR,1618462122
cabo san lucas,32.8663,59.2211,59,55,75,4.61,IR,1618462100
neepawa,-7.6331,109.2461,85.53,64,44,6.98,ID,1618462123
shitanjing,39.2667,141.8833,51.8,46,75,11.5,JP,1618462123
tuim,-23.6678,-46.4614,63,82,75,5.75,BR,1618461890
mount isa,1.3965,34.4509,62.83,64,82,2.82,UG,1618462124
kushmurun,28.017,-97.5169,77,88,1,8.05,US,1618462124
portland,60.7167,-46.0333,30.2,80,17,2.3,GL,1618462125
rock sound,39.1834,-84.5333,48.99,87,1,5.59,US,1618462125
sukhoverkovo,26.1842,127.7558,75.2,60,75,10.36,JP,1618461966
tarsus,51.3813,1.3862,41,69,16,4,GB,1618461920
west wendover,33.7499,45.5541,69.69,25,0,14.81,IQ,1618462021
antigua ocotepeque,67.6333,134.6333,18.25,72,81,0.63,RU,1618462126
boden,69.3,139.9,1.6,88,99,4.03,RU,1618462126
ulagan,22.9333,97.75,94.35,14,81,4.68,MM,1618461910
williams lake,35.55,133.2333,60.8,41,40,17.27,JP,1618461957
cam pha,9.4515,18.9449,85.62,18,99,4.52,TD,1618462127
surt,60.8156,-115.7999,33.8,55,18,3.44,CA,1618461905
baragua,21.4267,39.8261,81.41,31,60,1.86,SA,1618462128
petropavlovsk-kamchatskiy,41.1415,-73.3579,48.99,93,90,12.66,US,1618461869
qui nhon,-3.432,10.6554,77.58,88,100,4.36,GA,1618462128
tura,26.5881,127.9761,75.2,60,90,11.5,JP,1618461869
salinas,48.2333,129.5,49.71,24,30,4.65,CN,1618462129
ostersund,-29.4779,30.2306,63,96,5,3.71,ZA,1618462041
lufilufi,61.25,73.4167,50,57,0,13.42,RU,1618462130
korla,29.1614,16.139,60.89,40,99,3.13,LY,1618462130
visina,63.9061,38.1404,32.65,80,6,8.19,RU,1618462130
taltal,54.3161,-130.3201,46.4,76,1,3.44,CA,1618462131
walvis bay,70.6345,29.7185,26.6,68,0,11.5,NO,1618462131
kang,-4.2761,-55.9836,73.36,96,100,0.83,BR,1618462065
dudinka,28.9684,50.8385,73.4,56,0,19.57,IR,1618462132
karpogory,-34.0033,24.7314,59.22,90,37,2.98,ZA,1618461994
tungkang,-28.1887,23.5395,63.93,37,47,6.2,ZA,1618462132
pitimbu,63.8567,57.3094,36.84,72,100,12.77,RU,1618462133
mys shmidta,4.9517,8.322,75.15,91,99,3.42,NG,1618462133
bur gabo,-23.7167,44.3833,76.53,66,1,1.28,MG,1618462134
chardara,38.4953,102.1739,52.83,14,7,12.17,CN,1618462134
ganta,-0.6136,-47.3561,78.91,87,95,8.63,BR,1618462134
abonnema,-26.6481,15.1594,78.42,25,0,17.83,NA,1618461889
san luis,6.1241,81.1185,87.8,74,40,4.61,LK,1618462135
birjand,-3.2778,-39.2689,75,93,85,6.17,BR,1618462136
kroya,5.3833,-52.95,77.97,89,98,8.25,GF,1618461898
koboldo,-15.3833,-62.95,75.11,76,100,0.36,BO,1618462136
kamaishi,4.9333,-52.3333,81,94,75,2.3,GF,1618462137
maua,1.7427,98.7792,86.81,62,90,5.79,ID,1618462137
kapchorwa,-28.24,-48.6703,68,88,0,4.61,BR,1618462138
san patricio,51.2585,-80.6094,32,100,90,6.91,CA,1618461938
qaqortoq,54.5163,-128.6035,53.6,47,20,11.5,CA,1618461905
hamilton,9.3086,15.8066,86.02,29,95,5.61,TD,1618462139
nishihara,-33.0117,17.9442,66.2,59,73,6.91,ZA,1618462140
margate,55.8951,27.168,39.24,74,100,11.01,LV,1618462140
mandali,43.3717,-1.7738,39.99,87,0,2.3,FR,1618462140
batagay,-8.8368,13.2343,78.8,89,40,5.75,AO,1618462141
deputatskiy,16.8687,102.5664,97,52,40,2.3,TH,1618462141
lashio,33.9674,36.6574,55.99,61,0,4.61,SY,1618462142
sakaiminato,-14.8796,47.9875,77.36,85,89,4.23,MG,1618462142
amderma,42.4165,-122.8345,59,26,1,4.61,US,1618462142
kyabe,9.85,76.9667,75.54,85,99,0.72,IN,1618462143
hay river,-15.7667,128.7333,95,20,44,5.75,AU,1618462144
mecca,43.7501,-81.7165,39.2,81,90,6.91,CA,1618462144
westport,8.9936,-79.5197,80.6,83,90,3.18,PA,1618462144
mayumba,-9.4431,147.1797,84.2,70,40,19.57,PG,1618462145
nago,24.0934,32.907,75.38,16,0,8.59,EG,1618462145
xinqing,48.8286,-67.522,30.99,49,0,4,CA,1618461944
ciras,-38.3667,178.3,66.92,55,55,7.36,NZ,1618462146
howick,17.8815,-76.4093,78.8,53,20,5.75,JM,1618462146
ketchenery,69.4154,30.8136,24.8,68,0,5.75,RU,1618462146
surgut,53.8251,-101.2541,32,51,90,4.61,CA,1618462147
waddan,-6.2167,149.55,84.38,65,92,6.22,PG,1618462147
onega,48.9329,-125.5528,48,77,5,3.53,CA,1618462036
prince rupert,15.85,-97.0667,78.8,78,1,7.49,MX,1618461949
batsfjord,6.5423,21.9863,73.13,65,75,2.59,CF,1618462148
itaituba,-45.4167,167.7167,54.54,83,83,6.38,NZ,1618462148
bushehr,8.0563,-1.7306,74.8,73,78,4.07,GH,1618462149
kruisfontein,9.65,-9.7833,69.71,79,99,2.33,GN,1618462149
danielskuil,5.7856,-6.6083,73.17,97,72,2.04,CI,1618462149
vuktyl,32.6881,128.8419,60.8,48,0,4.61,JP,1618462150
calabar,6.4965,2.6036,82.4,83,40,9.22,BJ,1618462150
betioky,65.087,12.3715,41,93,75,18.41,NO,1618462151
jinchang,52.7833,126.5333,42.84,30,57,6.91,RU,1618462151
salinopolis,-9.6658,-35.7353,73.4,100,75,4.61,BR,1618461861
luderitz,49.7502,-77.6328,41,100,75,14.97,CA,1618462151
guelengdeng,42.6191,-113.6772,35.6,87,90,9.22,US,1618462152
hambantota,18.1725,120.5953,87.8,74,20,8.05,PH,1618462152
trairi,3.4568,8.5547,80.6,89,20,3.44,GQ,1618462153
sinnamary,7.7102,81.6924,85.37,63,66,1.57,LK,1618462153
urubicha,58.6881,99.1844,34.45,60,63,8.95,RU,1618462153
cayenne,40.7834,-73.9662,59,77,90,5.99,US,1618462152
sibolga,58.8053,-122.7002,51.8,37,40,3.44,CA,1618462154
imbituba,-7.7136,-66.9764,71.82,99,100,1.23,BR,1618462155
moose factory,54.675,20.1347,39.2,87,90,17.9,RU,1618462155
terrace,14.7208,-92.4215,80.6,89,40,2.86,MX,1618462156
kelo,40.125,116.6453,73,42,2,11.18,CN,1618462156
saldanha,-3.3333,128.9167,85.32,61,72,8.3,ID,1618462157
kraslava,-17.5333,-149.3333,80.6,78,75,3.44,PF,1618462157
hendaye,9,-71.9135,75.6,93,100,6.82,VE,1618462157
luanda,40.1629,-8.3327,59,94,40,1.14,PT,1618462158
non sang,51.6708,82.7289,49.3,59,94,5.99,RU,1618462158
yabrud,-15.1961,12.1522,79.45,79,22,3.65,AO,1618462158
antsohihy,33.1284,-107.2528,71.6,10,1,11.5,US,1618462159
jackson,9.56,44.065,74.05,45,9,16.84,SO,1618462159
idukki,-2.9667,-47.4833,71.83,98,89,2.66,BR,1618462085
burica,49.8496,-124.5361,59,31,20,4.61,CA,1618462160
temaraia,27.1172,114.9793,67.28,78,100,3.09,CN,1618462160
kununurra,27.6333,80.2,101.93,8,62,9.42,IN,1618462161
goderich,64.1835,-51.7216,23,93,90,27.63,GL,1618462161
panama city,43.213,-8.691,48.99,71,0,3.44,ES,1618462162
port moresby,50.4111,80.2275,53.6,30,0,4.47,KZ,1618462162
aswan,53.1436,0.3363,39.99,93,20,6.91,GB,1618462162
matane,-36.8927,-60.3225,57.99,86,0,1.01,AR,1618462163
tolaga bay,33.9997,119.8308,63.91,44,60,13.35,CN,1618462163
morant bay,-2.9248,-39.9167,76.75,88,97,9.06,BR,1618462164
zapolyarnyy,47.9077,106.8832,30.2,43,40,13.42,MN,1618461896
the pas,-23.9931,-46.2564,73.99,26,39,1.01,BR,1618462078
kandrian,47.8123,38.2882,48.09,78,57,7.74,UA,1618462164
palabuhanratu,32.7593,-97.7972,59,89,100,5.01,US,1618462165
ucluelet,42.4308,130.6434,49.12,43,75,12.62,RU,1618462165
puerto escondido,34.1743,-97.1436,54,94,90,10.36,US,1618462165
bria,7.9868,117.0645,84.81,68,68,9.84,PH,1618462166
te anau,-7.95,110.2833,85.66,66,26,10.11,ID,1618462166
